tenant_id,seats,leads,cost_usd_month,revenue_usd_month,cost_usd_seat,model_carrier_margin_pct
T00,40,1,38.706295714285986,400.0,0.9676573928571497,90.3234260714285
T01,246,16,539.9257367765618,1722.0,2.194820068197406,68.64542759717993
T02,64,5,166.13300326007484,640.0,2.5958281759386694,74.0417182406133
T03,114,7,237.50181336996556,1140.0,2.083349240087417,79.16650759912584
T04,165,14,462.31168597070047,1155.0,2.8018890058830332,59.97301420167096
T05,52,4,133.0675701098914,520.0,2.558991732882527,74.41008267117473
T06,44,4,131.45589509157637,440.0,2.9876339793540083,70.12366020645992
T07,135,10,333.67622216117536,1350.0,2.47167571971241,75.2832428028759
T08,70,4,136.69383890110015,700.0,1.9527691271585736,80.47230872841425
T09,185,13,435.69295289377703,1295.0,2.355097042669065,66.35575653329907
T10,19,1,34.475648791209096,190.0,1.8145078311162681,81.85492168883732
T11,131,10,332.87038465201783,1310.0,2.540995302687159,74.59004697312841
T12,82,5,169.7592720512836,820.0,2.070235025015654,79.29764974984347
T13,41,3,100.2035963369973,410.0,2.4439901545609097,75.56009845439091
T14,101,7,234.88284146520368,1010.0,2.3255726877742937,76.74427312225706
T15,65,5,166.33446263736423,650.0,2.5589917328825265,74.41008267117473
T16,20,2,65.32502879120943,200.0,3.2662514395604716,67.33748560439528
T17,207,16,532.0688210622761,1449.0,2.5703807780786287,63.28027459887674
T18,39,2,69.15275695970757,390.0,1.7731476143514762,82.26852385648523
T19,67,5,166.737381391943,670.0,2.488617632715567,75.11382367284432
T20,163,12,400.6129259706998,1141.0,2.4577480120901827,64.8893141129974
T21,17,1,34.07273003663035,170.0,2.004278237448844,79.95721762551157
T22,222,16,535.0907117216168,1554.0,2.410318521268544,65.56687826759223
T23,26,1,35.885864432234726,260.0,1.380225555085951,86.1977444491405
T24,149,12,397.7924946886485,1490.0,2.6697482865009965,73.30251713499004
T25,75,6,198.99697703296894,750.0,2.6532930271062525,73.46706972893746
T26,94,8,264.120546446889,940.0,2.80979304730733,71.90206952692671
T27,86,6,201.21303018315209,860.0,2.3396863974785127,76.60313602521487
T28,32,2,67.74254131868194,320.0,2.1169544162088108,78.8304558379119
T29,78,6,199.60135516483706,780.0,2.5589917328825265,74.41008267117473
T30,36,2,68.54837882783944,360.0,1.9041216341066511,80.95878365893348
T31,97,8,264.7249245787571,970.0,2.72912293380162,72.7087706619838
T32,766,63,2085.1368822344525,4596.0,2.722110812316518,54.63148646139137
T33,89,6,201.8174083150202,890.0,2.2676113293822495,77.32388670617752
T34,43,3,100.60651509157604,430.0,2.3396863974785127,76.60313602521487
T35,52,4,133.0675701098914,520.0,2.558991732882527,74.41008267117473
T36,127,7,240.12078527472744,1270.0,1.8907148446828932,81.09285155317106
T37,70,4,136.69383890110015,700.0,1.9527691271585736,80.47230872841425
T38,136,8,272.5818402930428,1360.0,2.004278237448844,79.95721762551157
T39,24,2,66.13086630036693,240.0,2.7554527625152887,72.44547237484711
T40,109,6,205.84659586080772,1090.0,1.8885008794569516,81.11499120543048
T41,109,6,205.84659586080772,1090.0,1.8885008794569516,81.11499120543048
T42,95,6,203.02616457875646,950.0,2.137117521881647,78.62882478118354
T43,38,3,99.59921820512916,380.0,2.621032058029715,73.78967941970285
T44,109,7,236.49451648351868,1090.0,2.1696744631515474,78.30325536848453
T45,147,8,274.7978934432259,1470.0,1.8693734247838498,81.30626575216151
T46,49,4,132.46319197802325,490.0,2.7033304485310867,72.96669551468914
T47,79,5,169.15489391941549,790.0,2.1412011888533606,78.5879881114664
T48,29,2,67.13816318681381,290.0,2.315109075407373,76.84890924592628
T49,234,16,537.5082242490893,1638.0,2.2970436933721765,67.18509009468319
