user_id,role,shipments_in_scope
U01,operator,5
U02,operator,5
U03,operator,7
U04,operator,12
U05,operator,11
U06,operator,10
U07,team_lead,300
U08,operator,7
U09,operator,8
U10,operator,7
U11,operator,9
U12,operator,7
U13,operator,7
U14,operator,5
U15,operator,7
U16,operator,9
U17,operator,8
U18,operator,4
U19,operator,7
U20,operator,8
U21,operator,8
U22,operator,7
U23,operator,7
U24,operator,8
U25,operator,7
U26,operator,6
U27,operator,9
U28,operator,9
U29,operator,8
U30,operator,7
U31,operator,8
U32,operator,5
U33,operator,11
U34,operator,6
U35,operator,5
U36,operator,7
U37,operator,11
U38,operator,12
U39,operator,10
U40,operator,6
